stt,id,title,group,topic,difficulty
1,CHELLO,Hello World,CÁC MÔ HÌNH THUẬT TOÁN,,1
2,CTDL_001,THUẬT TOÁN SINH,CÁC MÔ HÌNH THUẬT TOÁN,NEXT GENERATION ALGORITHM,1
3,CTDL_002,Tổng dãy con = K,CÁC MÔ HÌNH THUẬT TOÁN,NEXT GENERATION ALGORITHM,1
4,CTDL_005,XÓA DỮ LIỆU TRONG DSLK ĐƠN,CÁC CẤU TRÚC DỮ LIỆU CƠ BẢN,SORTING AND SEARCHING,1
5,CTDL_006,LỌC DỮ LIỆU TRÙNG TRONG DSLK ĐƠN,CÁC CẤU TRÚC DỮ LIỆU CƠ BẢN,SORTING AND SEARCHING,1
6,DSA_P039,CHỌN Ô - 1,CÁC MÔ HÌNH THUẬT TOÁN,DYNAMIC PROGRAMMING,1
7,DSA01001,XÂU NHỊ PHÂN KẾ TIẾP,CÁC MÔ HÌNH THUẬT TOÁN,NEXT GENERATION ALGORITHM,1
8,DSA01002,TẬP CON KẾ TIẾP,CÁC MÔ HÌNH THUẬT TOÁN,NEXT GENERATION ALGORITHM,1
9,DSA01003,HOÁN VỊ KẾ TIẾP,CÁC MÔ HÌNH THUẬT TOÁN,NEXT GENERATION ALGORITHM,1
10,DSA01004,SINH TỔ HỢP,CÁC MÔ HÌNH THUẬT TOÁN,NEXT GENERATION ALGORITHM,1
11,DSA01005,SINH HOÁN VỊ,CÁC MÔ HÌNH THUẬT TOÁN,NEXT GENERATION ALGORITHM,1
12,DSA01006,HOÁN VỊ NGƯỢC,CÁC MÔ HÌNH THUẬT TOÁN,NEXT GENERATION ALGORITHM,1
13,DSA01007,XÂU AB CÓ ĐỘ DÀI N,CÁC MÔ HÌNH THUẬT TOÁN,NEXT GENERATION ALGORITHM,1
14,DSA01008,XÂU NHỊ PHÂN CÓ K BIT 1,CÁC MÔ HÌNH THUẬT TOÁN,NEXT GENERATION ALGORITHM,1
15,DSA01019,HAHAHA,CÁC MÔ HÌNH THUẬT TOÁN,NEXT GENERATION ALGORITHM,1
16,DSA01020,XÂU NHỊ PHÂN TRƯỚC,CÁC MÔ HÌNH THUẬT TOÁN,NEXT GENERATION ALGORITHM,1
17,DSA01021,TỔ HỢP TIẾP THEO,CÁC MÔ HÌNH THUẬT TOÁN,NEXT GENERATION ALGORITHM,1
18,DSA01022,SỐ THỨ TỰ HOÁN VỊ,CÁC MÔ HÌNH THUẬT TOÁN,NEXT GENERATION ALGORITHM,1
19,DSA01023,SỐ THỨ TỰ TỔ HỢP,CÁC MÔ HÌNH THUẬT TOÁN,NEXT GENERATION ALGORITHM,1
20,DSA01024,ĐẶT TÊN - 1,CÁC MÔ HÌNH THUẬT TOÁN,RECURSION AND BACKTRACKING,1
21,DSA01025,ĐẶT TÊN - 2,CÁC MÔ HÌNH THUẬT TOÁN,NEXT GENERATION ALGORITHM,1
22,DSA01026,PHÁT LỘC,CÁC MÔ HÌNH THUẬT TOÁN,NEXT GENERATION ALGORITHM,1
23,DSA01027,HOÁN VỊ DÃY SỐ,CÁC MÔ HÌNH THUẬT TOÁN,NEXT GENERATION ALGORITHM,1
24,DSA01028,LIỆT KÊ TỔ HỢP,CÁC MÔ HÌNH THUẬT TOÁN,NEXT GENERATION ALGORITHM,1
25,DSA02001,DÃY SỐ 1,CÁC MÔ HÌNH THUẬT TOÁN,RECURSION AND BACKTRACKING,1
26,DSA02002,DÃY SỐ 2,CÁC MÔ HÌNH THUẬT TOÁN,RECURSION AND BACKTRACKING,1
27,DSA02003,DI CHUYỂN TRONG MÊ CUNG 1,CÁC MÔ HÌNH THUẬT TOÁN,RECURSION AND BACKTRACKING,1
28,DSA02005,HOÁN VỊ XÂU KÝ TỰ,CÁC MÔ HÌNH THUẬT TOÁN,RECURSION AND BACKTRACKING,1
29,DSA02006,DÃY CON TỔNG BẰNG K,CÁC MÔ HÌNH THUẬT TOÁN,RECURSION AND BACKTRACKING,1
30,DSA02012,DI CHUYỂN TRONG MA TRẬN,CÁC MÔ HÌNH THUẬT TOÁN,RECURSION AND BACKTRACKING,1
31,DSA02016,SẮP XẾP QUÂN HẬU 1,CÁC MÔ HÌNH THUẬT TOÁN,RECURSION AND BACKTRACKING,1
32,DSA02022,NGÀY ĐẶC BIỆT,CÁC MÔ HÌNH THUẬT TOÁN,RECURSION AND BACKTRACKING,1
33,DSA02023,ĐẶT TÊN,CÁC MÔ HÌNH THUẬT TOÁN,RECURSION AND BACKTRACKING,1
34,DSA02024,DÃY CON TĂNG DẦN,CÁC MÔ HÌNH THUẬT TOÁN,RECURSION AND BACKTRACKING,1
35,DSA02029,THÁP HÀ NỘI,CÁC MÔ HÌNH THUẬT TOÁN,RECURSION AND BACKTRACKING,1
36,DSA02030,LIỆT KÊ XÂU KÝ TỰ,CÁC MÔ HÌNH THUẬT TOÁN,RECURSION AND BACKTRACKING,1
37,DSA02031,GHÉP CHỮ CÁI,CÁC MÔ HÌNH THUẬT TOÁN,RECURSION AND BACKTRACKING,1
38,DSA02033,SỐ XA CÁCH,CÁC MÔ HÌNH THUẬT TOÁN,RECURSION AND BACKTRACKING,1
39,DSA02034,TRÒ CHƠI VỚI CÁC CON SỐ,CÁC MÔ HÌNH THUẬT TOÁN,RECURSION AND BACKTRACKING,1
40,DSA03001,ĐỔI TIỀN,CÁC MÔ HÌNH THUẬT TOÁN,GREEDY ALGORITHM,1
41,DSA03002,NHẦM CHỮ SỐ,CÁC MÔ HÌNH THUẬT TOÁN,GREEDY ALGORITHM,1
42,DSA03003,TÌM MAX,CÁC MÔ HÌNH THUẬT TOÁN,GREEDY ALGORITHM,1
43,DSA03004,TỔNG NHỎ NHẤT,CÁC MÔ HÌNH THUẬT TOÁN,GREEDY ALGORITHM,1
44,DSA03005,CHIA MẢNG THÀNH HAI MẢNG CON CÓ TỔNG LỚN NHẤT,CÁC MÔ HÌNH THUẬT TOÁN,GREEDY ALGORITHM,1
45,DSA03006,SẮP XẾP THAM LAM,CÁC MÔ HÌNH THUẬT TOÁN,GREEDY ALGORITHM,1
46,DSA03008,SẮP XẾP CÔNG VIỆC 1,CÁC MÔ HÌNH THUẬT TOÁN,GREEDY ALGORITHM,1
47,DSA03010,NỐI DÂY 1,CÁC MÔ HÌNH THUẬT TOÁN,GREEDY ALGORITHM,1
48,DSA03012,SẮP ĐẶT XÂU KÝ TỰ 1,CÁC MÔ HÌNH THUẬT TOÁN,GREEDY ALGORITHM,1
49,DSA03013,SẮP ĐẶT XÂU KÝ TỰ 2,CÁC MÔ HÌNH THUẬT TOÁN,GREEDY ALGORITHM,1
50,DSA03015,MUA LƯƠNG THỰC,CÁC MÔ HÌNH THUẬT TOÁN,GREEDY ALGORITHM,1
51,DSA03022,TÍCH LỚN NHẤT,CÁC MÔ HÌNH THUẬT TOÁN,GREEDY ALGORITHM,1
52,DSA03024,LỰA CHỌN TỐI ƯU,CÁC MÔ HÌNH THUẬT TOÁN,GREEDY ALGORITHM,1
53,DSA03025,TRỤC TỌA ĐỘ,CÁC MÔ HÌNH THUẬT TOÁN,GREEDY ALGORITHM,1
54,DSA03034,DÃY CON CHUNG,CÁC MÔ HÌNH THUẬT TOÁN,GREEDY ALGORITHM,1
55,DSA03035,SẮP XẾP ĐƠN GIẢN,CÁC MÔ HÌNH THUẬT TOÁN,GREEDY ALGORITHM,1
56,DSA04001,LŨY THỪA,CÁC MÔ HÌNH THUẬT TOÁN,DEVIDE AND CONQUER ALGORITHM,1
57,DSA04002,LŨY THỪA ĐẢO,CÁC MÔ HÌNH THUẬT TOÁN,DEVIDE AND CONQUER ALGORITHM,1
58,DSA04003,ĐẾM DÃY,CÁC MÔ HÌNH THUẬT TOÁN,DEVIDE AND CONQUER ALGORITHM,1
59,DSA04004,GẤP ĐÔI DÃY SỐ,CÁC MÔ HÌNH THUẬT TOÁN,DEVIDE AND CONQUER ALGORITHM,1
60,DSA04005,DÃY XÂU FIBONACCI,CÁC MÔ HÌNH THUẬT TOÁN,DEVIDE AND CONQUER ALGORITHM,1
61,DSA04010,DÃY CON LIÊN TIẾP CÓ TỔNG LỚN NHẤT,CÁC MÔ HÌNH THUẬT TOÁN,DEVIDE AND CONQUER ALGORITHM,1
62,DSA04015,TÍNH FLOOR(X),CÁC MÔ HÌNH THUẬT TOÁN,DEVIDE AND CONQUER ALGORITHM,1
63,DSA04016,PHẦN TỬ THỨ K,CÁC MÔ HÌNH THUẬT TOÁN,DEVIDE AND CONQUER ALGORITHM,1
64,DSA04017,PHẦN TỬ KHÁC NHAU,CÁC MÔ HÌNH THUẬT TOÁN,DEVIDE AND CONQUER ALGORITHM,1
65,DSA04018,ĐẾM SỐ 0,CÁC MÔ HÌNH THUẬT TOÁN,DEVIDE AND CONQUER ALGORITHM,1
66,DSA04020,TÌM KIẾM NHỊ PHÂN,CÁC MÔ HÌNH THUẬT TOÁN,DEVIDE AND CONQUER ALGORITHM,1
67,DSA04021,DÃY XÂU NHỊ PHÂN,CÁC MÔ HÌNH THUẬT TOÁN,DEVIDE AND CONQUER ALGORITHM,1
68,DSA04022,KÝ TỰ THỨ K TRONG XÂU,CÁC MÔ HÌNH THUẬT TOÁN,DEVIDE AND CONQUER ALGORITHM,1
69,DSA04024,LŨY THỪA MA TRẬN 2,CÁC MÔ HÌNH THUẬT TOÁN,DEVIDE AND CONQUER ALGORITHM,1
70,DSA04025,DÃY SỐ VÔ HẠN,CÁC MÔ HÌNH THUẬT TOÁN,DEVIDE AND CONQUER ALGORITHM,1
71,DSA04035,TÍNH LŨY THỪA,CÁC MÔ HÌNH THUẬT TOÁN,DEVIDE AND CONQUER ALGORITHM,1
72,DSA05001,XÂU CON CHUNG DÀI NHẤT,CÁC MÔ HÌNH THUẬT TOÁN,DYNAMIC PROGRAMMING,1
73,DSA05004,DÃY CON TĂNG DÀI NHẤT,CÁC MÔ HÌNH THUẬT TOÁN,DYNAMIC PROGRAMMING,1
74,DSA05005,SỐ BƯỚC ÍT NHẤT,CÁC MÔ HÌNH THUẬT TOÁN,DYNAMIC PROGRAMMING,1
75,DSA05008,DÃY CON CÓ TỔNG BẰNG S,CÁC MÔ HÌNH THUẬT TOÁN,DYNAMIC PROGRAMMING,1
76,DSA05009,TẬP CON BẰNG NHAU,CÁC MÔ HÌNH THUẬT TOÁN,RECURSION AND BACKTRACKING,1
77,DSA05012,"TỔ HỢP C(n, k)",CÁC MÔ HÌNH THUẬT TOÁN,DYNAMIC PROGRAMMING,1
78,DSA05013,BẬC THANG,CÁC MÔ HÌNH THUẬT TOÁN,DYNAMIC PROGRAMMING,1
79,DSA05025,CON ẾCH,CÁC MÔ HÌNH THUẬT TOÁN,DYNAMIC PROGRAMMING,1
80,DSA05026,XEM PHIM,CÁC MÔ HÌNH THUẬT TOÁN,DYNAMIC PROGRAMMING,1
81,DSA05027,CÁI TÚI,CÁC MÔ HÌNH THUẬT TOÁN,DYNAMIC PROGRAMMING,1
82,DSA05029,GIẢI MÃ,CÁC MÔ HÌNH THUẬT TOÁN,DYNAMIC PROGRAMMING,1
83,DSA05034,TỔNG SỐ CÁCH DI CHUYỂN,CÁC MÔ HÌNH THUẬT TOÁN,DYNAMIC PROGRAMMING,1
84,DSA06001,SẮP XẾP XEN KẼ,CÁC MÔ HÌNH THUẬT TOÁN,SORTING AND SEARCHING,1
85,DSA06002,SẮP XẾP THEO GIÁ TRỊ TUYỆT ĐỐI,CÁC MÔ HÌNH THUẬT TOÁN,SORTING AND SEARCHING,1
86,DSA06003,ĐỔI CHỖ ÍT NHẤT,CÁC MÔ HÌNH THUẬT TOÁN,SORTING AND SEARCHING,1
87,DSA06004,HỢP VÀ GIAO CỦA HAI DÃY SỐ 1,CÁC MÔ HÌNH THUẬT TOÁN,SORTING AND SEARCHING,1
88,DSA06005,HỢP VÀ GIAO CỦA HAI DÃY SỐ 2,CÁC MÔ HÌNH THUẬT TOÁN,SORTING AND SEARCHING,1
89,DSA06006,SẮP XẾP [0 1 2],CÁC MÔ HÌNH THUẬT TOÁN,SORTING AND SEARCHING,1
90,DSA06007,SẮP XẾP DÃY CON LIÊN TỤC,CÁC MÔ HÌNH THUẬT TOÁN,SORTING AND SEARCHING,1
91,DSA06008,ĐẾM CẶP,CÁC MÔ HÌNH THUẬT TOÁN,SORTING AND SEARCHING,1
92,DSA06009,CẶP SỐ TỔNG BẰNG K,CÁC MÔ HÌNH THUẬT TOÁN,SORTING AND SEARCHING,1
93,DSA06010,SẮP XẾP CHỮ SỐ,CÁC MÔ HÌNH THUẬT TOÁN,SORTING AND SEARCHING,1
94,DSA06011,TỔNG GẦN 0 NHẤT,CÁC MÔ HÌNH THUẬT TOÁN,SORTING AND SEARCHING,1
95,DSA06012,PHẦN TỬ LỚN NHẤT,CÁC MÔ HÌNH THUẬT TOÁN,SORTING AND SEARCHING,1
96,DSA06013,SỐ LẦN XUẤT HIỆN,CÁC MÔ HÌNH THUẬT TOÁN,SORTING AND SEARCHING,1
97,DSA06014,TỔNG CẶP SỐ NGUYÊN TỐ,CÁC MÔ HÌNH THUẬT TOÁN,SORTING AND SEARCHING,1
98,DSA06015,MERGE SORT,CÁC MÔ HÌNH THUẬT TOÁN,SORTING AND SEARCHING,1
99,DSA06016,TÍCH LỚN NHẤT - NHỎ NHẤT,CÁC MÔ HÌNH THUẬT TOÁN,SORTING AND SEARCHING,1
100,DSA06017,TRỘN HAI DÃY,CÁC MÔ HÌNH THUẬT TOÁN,SORTING AND SEARCHING,1
101,DSA06018,BỔ SUNG PHẦN TỬ,CÁC MÔ HÌNH THUẬT TOÁN,SORTING AND SEARCHING,1
102,DSA06019,SẮP XẾP THEO SỐ LẦN XUẤT HIỆN,CÁC MÔ HÌNH THUẬT TOÁN,SORTING AND SEARCHING,1
103,DSA06020,TÌM KIẾM,CÁC MÔ HÌNH THUẬT TOÁN,SORTING AND SEARCHING,1
104,DSA06021,TÌM KIẾM TRONG DÃY SẮP XẾP VÒNG,CÁC MÔ HÌNH THUẬT TOÁN,SORTING AND SEARCHING,1
105,DSA06022,SỐ NHỎ NHẤT VÀ NHỎ THỨ HAI,CÁC MÔ HÌNH THUẬT TOÁN,SORTING AND SEARCHING,1
106,DSA06023,SẮP XẾP ĐỔI CHỖ TRỰC TIẾP,CÁC MÔ HÌNH THUẬT TOÁN,SORTING AND SEARCHING,1
107,DSA06024,SẮP XẾP CHỌN,CÁC MÔ HÌNH THUẬT TOÁN,SORTING AND SEARCHING,1
108,DSA06025,SẮP XẾP CHÈN,CÁC MÔ HÌNH THUẬT TOÁN,SORTING AND SEARCHING,1
109,DSA06026,SẮP XẾP NỔI BỌT,CÁC MÔ HÌNH THUẬT TOÁN,SORTING AND SEARCHING,1
110,DSA06027,SẮP XẾP ĐỔI CHỖ TRỰC TIẾP - LIỆT KÊ NGƯỢC,CÁC MÔ HÌNH THUẬT TOÁN,SORTING AND SEARCHING,1
111,DSA06028,SẮP XẾP CHỌN  - LIỆT KÊ NGƯỢC,CÁC MÔ HÌNH THUẬT TOÁN,SORTING AND SEARCHING,1
112,DSA06029,SẮP XẾP CHÈN - LIỆT KÊ NGƯỢC,CÁC MÔ HÌNH THUẬT TOÁN,SORTING AND SEARCHING,1
113,DSA06030,SẮP XẾP NỔI BỌT - LIỆT KÊ NGƯỢC,CÁC MÔ HÌNH THUẬT TOÁN,SORTING AND SEARCHING,1
114,DSA06031,PHẦN TỬ LỚN NHẤT TRONG DÃY CON,CÁC MÔ HÌNH THUẬT TOÁN,SORTING AND SEARCHING,1
115,DSA06032,BỘ BA SỐ CÓ TỔNG NHỎ HƠN K,CÁC MÔ HÌNH THUẬT TOÁN,SORTING AND SEARCHING,1
116,DSA06033,KHOẢNG CÁCH XA NHẤT,CÁC MÔ HÌNH THUẬT TOÁN,SORTING AND SEARCHING,1
117,DSA06034,CẶP SỐ CÓ TỔNG BẰNG K,CÁC MÔ HÌNH THUẬT TOÁN,SORTING AND SEARCHING,1
118,DSA06035,DÃY TAM GIÁC DÀI NHẤT,CÁC MÔ HÌNH THUẬT TOÁN,SORTING AND SEARCHING,1
119,DSA06036,BỘ BA SỐ BẰNG K,CÁC MÔ HÌNH THUẬT TOÁN,SORTING AND SEARCHING,1
120,DSA06039,SỐ ĐẦU TIÊN BỊ LẶP,CÁC MÔ HÌNH THUẬT TOÁN,SORTING AND SEARCHING,1
121,DSA06040,GIAO CỦA BA DÃY SỐ,CÁC MÔ HÌNH THUẬT TOÁN,SORTING AND SEARCHING,1
122,DSA06041,SỐ XUẤT HIỆN NHIỀU NHẤT,CÁC MÔ HÌNH THUẬT TOÁN,SORTING AND SEARCHING,1
123,DSA06043,ĐIỂM CÂN BẰNG,CÁC MÔ HÌNH THUẬT TOÁN,SORTING AND SEARCHING,1
124,DSA06044,SẮP XẾP CHẴN LẺ,CÁC MÔ HÌNH THUẬT TOÁN,SORTING AND SEARCHING,1
125,DSA06046,CHÊNH LỆCH NHỎ NHẤT,CÁC MÔ HÌNH THUẬT TOÁN,SORTING AND SEARCHING,1
126,DSA06047,BỘ BA SỐ PYTAGO,CÁC MÔ HÌNH THUẬT TOÁN,SORTING AND SEARCHING,1
127,DSA06048,SỐ LẦN QUAY VÒNG,CÁC MÔ HÌNH THUẬT TOÁN,SORTING AND SEARCHING,1
128,DSA06049,ĐẾM CẶP,CÁC MÔ HÌNH THUẬT TOÁN,SORTING AND SEARCHING,1
129,DSA07001,NGĂN XẾP 1,CÁC MÔ HÌNH THUẬT TOÁN,STACK,1
130,DSA07002,NGĂN XẾP 2,CÁC MÔ HÌNH THUẬT TOÁN,STACK,1
131,DSA07003,KIỂM TRA BIỂU THỨC SỐ HỌC,CÁC MÔ HÌNH THUẬT TOÁN,STACK,1
132,DSA07004,ĐẾM SỐ DẤU NGOẶC ĐỔI CHIỀU,CÁC MÔ HÌNH THUẬT TOÁN,STACK,1
133,DSA07009,BIẾN ĐỔI TIỀN TỐ - TRUNG TỐ,CÁC MÔ HÌNH THUẬT TOÁN,STACK,1
134,DSA07010,BIẾN ĐỐI TIỀN TỐ - HẬU TỐ,CÁC MÔ HÌNH THUẬT TOÁN,STACK,1
135,DSA07013,TÍNH GIÁ TRỊ BIỂU THỨC HẬU TỐ,CÁC MÔ HÌNH THUẬT TOÁN,STACK,1
136,DSA07014,TÍNH GIÁ TRỊ BIỂU THỨC TIỀN TỐ,CÁC MÔ HÌNH THUẬT TOÁN,STACK,1
137,DSA07021,DÃY NGOẶC ĐÚNG DÀI NHẤT,CÁC CẤU TRÚC DỮ LIỆU CƠ BẢN,STACK,1
138,DSA07023,ĐẢO TỪ,CÁC CẤU TRÚC DỮ LIỆU CƠ BẢN,STACK,1
139,DSA07027,PHẦN TỬ BÊN PHẢI ĐẦU TIÊN LỚN HƠN,CÁC CẤU TRÚC DỮ LIỆU CƠ BẢN,STACK,1
140,DSA07110,KIỂM TRA DÃY NGOẶC ĐÚNG,CÁC CẤU TRÚC DỮ LIỆU CƠ BẢN,STACK,1
141,DSA08001,CẤU TRÚC DỮ LIỆU HÀNG ĐỢI 1,CÁC MÔ HÌNH THUẬT TOÁN,QUEUE,1
142,DSA08002,CẤU TRÚC DỮ LIỆU HÀNG ĐỢI 2,CÁC MÔ HÌNH THUẬT TOÁN,QUEUE,1
143,DSA08003,HÀNG ĐỢI HAI ĐẦU (DEQUEUE),CÁC MÔ HÌNH THUẬT TOÁN,QUEUE,1
144,DSA08005,SỐ NHỊ PHÂN TỪ 1 ĐẾN N,CÁC MÔ HÌNH THUẬT TOÁN,QUEUE,1
145,DSA08006,SỐ 0 VÀ SỐ 9,CÁC MÔ HÌNH THUẬT TOÁN,QUEUE,1
146,DSA08007,SỐ BDN 1,CÁC MÔ HÌNH THUẬT TOÁN,QUEUE,1
147,DSA08008,SỐ BDN 2,CÁC MÔ HÌNH THUẬT TOÁN,QUEUE,1
148,DSA08017,SỐ LỘC PHÁT 1,CÁC MÔ HÌNH THUẬT TOÁN,QUEUE,1
149,DSA08018,SỐ LỘC PHÁT 2,CÁC MÔ HÌNH THUẬT TOÁN,QUEUE,1
150,DSA08019,SỐ LỘC PHÁT 3,CÁC MÔ HÌNH THUẬT TOÁN,QUEUE,1
151,DSA08021,DI CHUYỂN TRONG MA TRẬN,CÁC CẤU TRÚC DỮ LIỆU CƠ BẢN,QUEUE,1
152,DSA09001,CHUYỂN DANH SÁCH CẠNH SANG DANH SÁCH KỀ,CÁC MÔ HÌNH THUẬT TOÁN,GRAPH,1
153,DSA09002,CHUYỂN TỪ DANH SÁCH KỀ SANG DANH SÁCH CẠNH,CÁC MÔ HÌNH THUẬT TOÁN,GRAPH,1
154,DSA09003,BIỂU DIỄN ĐỒ THỊ CÓ HƯỚNG.,CÁC MÔ HÌNH THUẬT TOÁN,GRAPH,1
155,DSA09004,DFS TRÊN ĐỒ THỊ VÔ HƯỚNG,CÁC MÔ HÌNH THUẬT TOÁN,GRAPH,1
156,DSA09005,BFS TRÊN ĐỒ THỊ VÔ HƯỚNG,CÁC MÔ HÌNH THUẬT TOÁN,GRAPH,1
157,DSA09013,LIỆT KÊ CẠNH CẦU,CÁC MÔ HÌNH THUẬT TOÁN,GRAPH,1
158,DSA09020,CHUYỂN DANH SÁCH KỀ SANG MA TRẬN KỀ,CÁC CẤU TRÚC DỮ LIỆU CƠ BẢN,GRAPH,1
159,DSA09021,CHUYỂN MA TRẬN KỀ SANG DANH SÁCH KỀ,CÁC CẤU TRÚC DỮ LIỆU CƠ BẢN,GRAPH,1
160,DSA09022,DFS TRÊN ĐỒ THỊ CÓ HƯỚNG,CÁC CẤU TRÚC DỮ LIỆU CƠ BẢN,GRAPH,1
161,DSA09024,BFS TRÊN ĐỒ THỊ CÓ HƯỚNG,CÁC CẤU TRÚC DỮ LIỆU CƠ BẢN,GRAPH,1
162,DSA09025,ĐƯỜNG ĐI THEO DFS VỚI ĐỒ THỊ CÓ HƯỚNG,CÁC CẤU TRÚC DỮ LIỆU CƠ BẢN,GRAPH,1
163,DSA09026,ĐƯỜNG ĐI THEO BFS TRÊN ĐỒ THỊ CÓ HƯỚNG,CÁC CẤU TRÚC DỮ LIỆU CƠ BẢN,GRAPH,1
164,DSA09027,KIỂM TRA ĐƯỜNG ĐI,CÁC CẤU TRÚC DỮ LIỆU CƠ BẢN,GRAPH,1
165,DSA10004,ĐƯỜNG ĐI VÀ CHU TRÌNH EULER VỚI ĐỒ THỊ VÔ HƯỚNG,CÁC MÔ HÌNH THUẬT TOÁN,GRAPH,1
166,DSA10005,CHU TRÌNH EULER TRONG ĐỒ THỊ CÓ HƯỚNG,CÁC MÔ HÌNH THUẬT TOÁN,GRAPH,1
167,DSAKT053,SỐ NGUYÊN LỚN,CÁC MÔ HÌNH THUẬT TOÁN,DYNAMIC PROGRAMMING,1
168,DSAKT055,BÀI TOÁN CÁI TÚI 0-1,CÁC MÔ HÌNH THUẬT TOÁN,DYNAMIC PROGRAMMING,1
169,DSAKT110,NHÀ KHÔNG KỀ NHAU,CÁC MÔ HÌNH THUẬT TOÁN,DYNAMIC PROGRAMMING,1
170,CTDL_003,PHƯƠNG ÁN TỐI ƯU,CÁC MÔ HÌNH THUẬT TOÁN,NEXT GENERATION ALGORITHM,2
171,CTDL_004,DÃY CON TĂNG DẦN BẬC K,CÁC MÔ HÌNH THUẬT TOÁN,NEXT GENERATION ALGORITHM,2
172,DSA_P029,HÀNH TRÌNH DU LỊCH - 1,CÁC MÔ HÌNH THUẬT TOÁN,DYNAMIC PROGRAMMING,2
173,DSA01009,XÂU AB ĐẶC BIỆT,CÁC MÔ HÌNH THUẬT TOÁN,NEXT GENERATION ALGORITHM,2
174,DSA01010,TẬP QUÂN SỰ,CÁC MÔ HÌNH THUẬT TOÁN,NEXT GENERATION ALGORITHM,2
175,DSA01011,HOÁN VỊ TIẾP THEO CỦA CHUỖI SỐ,CÁC MÔ HÌNH THUẬT TOÁN,NEXT GENERATION ALGORITHM,2
176,DSA01012,MÃ GRAY 1,CÁC MÔ HÌNH THUẬT TOÁN,NEXT GENERATION ALGORITHM,2
177,DSA01013,MÃ GRAY 2,CÁC MÔ HÌNH THUẬT TOÁN,NEXT GENERATION ALGORITHM,2
178,DSA01014,TẬP HỢP,CÁC MÔ HÌNH THUẬT TOÁN,NEXT GENERATION ALGORITHM,2
179,DSA01015,TÌM BỘI SỐ,CÁC MÔ HÌNH THUẬT TOÁN,NEXT GENERATION ALGORITHM,2
180,DSA01016,PHÂN TÍCH SỐ 1,CÁC MÔ HÌNH THUẬT TOÁN,NEXT GENERATION ALGORITHM,2
181,DSA01017,MÃ GRAY 3,CÁC MÔ HÌNH THUẬT TOÁN,NEXT GENERATION ALGORITHM,2
182,DSA02004,DI CHUYỂN TRONG MÊ CUNG 2,CÁC MÔ HÌNH THUẬT TOÁN,RECURSION AND BACKTRACKING,2
183,DSA02007,ĐỔI CHỖ CÁC CHỮ SỐ,CÁC MÔ HÌNH THUẬT TOÁN,RECURSION AND BACKTRACKING,2
184,DSA02008,CHỌN SỐ TỪ MA TRẬN VUÔNG CẤP N,CÁC MÔ HÌNH THUẬT TOÁN,NEXT GENERATION ALGORITHM,2
185,DSA02010,TỔ HỢP SỐ CÓ TỔNG BẰNG X,CÁC MÔ HÌNH THUẬT TOÁN,RECURSION AND BACKTRACKING,2
186,DSA02013,SỐ NGUYÊN TỐ,CÁC MÔ HÌNH THUẬT TOÁN,RECURSION AND BACKTRACKING,2
187,DSA02017,SẮP XẾP QUÂN HẬU 2,CÁC MÔ HÌNH THUẬT TOÁN,RECURSION AND BACKTRACKING,2
188,DSA02025,KÝ TỰ LẶP,CÁC MÔ HÌNH THUẬT TOÁN,RECURSION AND BACKTRACKING,2
189,DSA02026,PHÉP TOÁN CƠ BẢN,CÁC MÔ HÌNH THUẬT TOÁN,RECURSION AND BACKTRACKING,2
190,DSA02032,TỔ HỢP SỐ CÓ TỔNG BẰNG X,CÁC MÔ HÌNH THUẬT TOÁN,RECURSION AND BACKTRACKING,2
191,DSA02035,HOÁN VỊ CÁC CHỮ SỐ,CÁC MÔ HÌNH THUẬT TOÁN,RECURSION AND BACKTRACKING,2
192,DSA02036,DÃY CON CÓ TỔNG LẺ,CÁC MÔ HÌNH THUẬT TOÁN,RECURSION AND BACKTRACKING,2
193,DSA02037,DÃY CON CÓ TỔNG NGUYÊN TỐ,CÁC MÔ HÌNH THUẬT TOÁN,RECURSION AND BACKTRACKING,2
194,DSA02038,DÃY CON CÓ K PHẦN TỬ TĂNG DẦN,CÁC MÔ HÌNH THUẬT TOÁN,RECURSION AND BACKTRACKING,2
195,DSA02039,PHÂN TÍCH SỐ 2,CÁC MÔ HÌNH THUẬT TOÁN,RECURSION AND BACKTRACKING,2
196,DSA02041,BIẾN ĐỔI VỀ 1,CÁC CẤU TRÚC DỮ LIỆU CƠ BẢN,RECURSION AND BACKTRACKING,2
197,DSA02045,TẬP CON CỦA XÂU KÝ TỰ,CÁC MÔ HÌNH THUẬT TOÁN,RECURSION AND BACKTRACKING,2
198,DSA03007,GIÁ TRỊ NHỎ NHẤT CỦA BIỂU THỨC,CÁC MÔ HÌNH THUẬT TOÁN,GREEDY ALGORITHM,2
199,DSA03009,SẮP XẾP CÔNG VIỆC 2,CÁC MÔ HÌNH THUẬT TOÁN,GREEDY ALGORITHM,2
200,DSA03011,NỐI DÂY 2,CÁC MÔ HÌNH THUẬT TOÁN,GREEDY ALGORITHM,2
201,DSA03016,SỐ NHỎ NHẤT,CÁC MÔ HÌNH THUẬT TOÁN,GREEDY ALGORITHM,2
202,DSA03017,GIÁ TRỊ NHỎ NHẤT CỦA XÂU,CÁC MÔ HÌNH THUẬT TOÁN,GREEDY ALGORITHM,2
203,DSA03018,SỐ MAY MẮN,CÁC MÔ HÌNH THUẬT TOÁN,GREEDY ALGORITHM,2
204,DSA03019,PHÂN SỐ ĐƠN VỊ,CÁC MÔ HÌNH THUẬT TOÁN,GREEDY ALGORITHM,2
205,DSA03020,BIỂU THỨC ĐÚNG,CÁC MÔ HÌNH THUẬT TOÁN,GREEDY ALGORITHM,2
206,DSA03021,TÌM DÃY SỐ,CÁC MÔ HÌNH THUẬT TOÁN,GREEDY ALGORITHM,2
207,DSA03023,SẮP XẾP VIÊN BI,CÁC MÔ HÌNH THUẬT TOÁN,GREEDY ALGORITHM,2
208,DSA03026,LỰA CHỌN THAM LAM,CÁC MÔ HÌNH THUẬT TOÁN,GREEDY ALGORITHM,2
209,DSA04007,HỆ CƠ SỐ K,CÁC MÔ HÌNH THUẬT TOÁN,DEVIDE AND CONQUER ALGORITHM,2
210,DSA04008,SỐ FIBONACCI THỨ N,CÁC MÔ HÌNH THUẬT TOÁN,DEVIDE AND CONQUER ALGORITHM,2
211,DSA04009,LŨY THỪA MA TRẬN 1,CÁC MÔ HÌNH THUẬT TOÁN,DEVIDE AND CONQUER ALGORITHM,2
212,DSA04011,TÍCH HAI SỐ NHỊ PHÂN,CÁC MÔ HÌNH THUẬT TOÁN,DEVIDE AND CONQUER ALGORITHM,2
213,DSA04012,TÍCH ĐA THỨC,CÁC MÔ HÌNH THUẬT TOÁN,DEVIDE AND CONQUER ALGORITHM,2
214,DSA04013,SẮP XẾP KANGURU,CÁC MÔ HÌNH THUẬT TOÁN,DEVIDE AND CONQUER ALGORITHM,2
215,DSA04014,CẶP NGHỊCH THẾ,CÁC MÔ HÌNH THUẬT TOÁN,DEVIDE AND CONQUER ALGORITHM,2
216,DSA04023,KHOẢNG CÁCH NHỎ HƠN K,CÁC MÔ HÌNH THUẬT TOÁN,DEVIDE AND CONQUER ALGORITHM,2
217,DSA05003,DÃY CON CHUNG DÀI NHẤT CỦA BA XÂU,CÁC MÔ HÌNH THUẬT TOÁN,DYNAMIC PROGRAMMING,2
218,DSA05006,TỔNG LỚN NHẤT CỦA DÃY CON TĂNG DẦN,CÁC MÔ HÌNH THUẬT TOÁN,DYNAMIC PROGRAMMING,2
219,DSA05007,TỔNG LỚN NHẤT CỦA DÃY CON KHÔNG KỀ NHAU,CÁC MÔ HÌNH THUẬT TOÁN,DYNAMIC PROGRAMMING,2
220,DSA05014,CATALAN NUMBER,CÁC MÔ HÌNH THUẬT TOÁN,DYNAMIC PROGRAMMING,2
221,DSA05015,"TÍNH P(N,K)",CÁC MÔ HÌNH THUẬT TOÁN,DYNAMIC PROGRAMMING,2
222,DSA05016,SỐ UGLY,CÁC MÔ HÌNH THUẬT TOÁN,DYNAMIC PROGRAMMING,2
223,DSA05017,DÃY SỐ BI-TONIC,CÁC MÔ HÌNH THUẬT TOÁN,DYNAMIC PROGRAMMING,2
224,DSA05018,XÂU CON ĐỐI XỨNG DÀI NHẤT,CÁC MÔ HÌNH THUẬT TOÁN,DYNAMIC PROGRAMMING,2
225,DSA05019,HÌNH VUÔNG LỚN NHẤT,CÁC MÔ HÌNH THUẬT TOÁN,DYNAMIC PROGRAMMING,2
226,DSA05020,ĐƯỜNG ĐI NHỎ NHẤT,CÁC MÔ HÌNH THUẬT TOÁN,DYNAMIC PROGRAMMING,2
227,DSA05022,KÝ TỰ GIỐNG NHAU,CÁC MÔ HÌNH THUẬT TOÁN,DYNAMIC PROGRAMMING,2
228,DSA05023,TỔNG CÁC XÂU CON,CÁC MÔ HÌNH THUẬT TOÁN,DYNAMIC PROGRAMMING,2
229,DSA05024,TỔNG BẰNG K,CÁC MÔ HÌNH THUẬT TOÁN,DYNAMIC PROGRAMMING,2
230,DSA05028,BIẾN ĐỔI XÂU,CÁC MÔ HÌNH THUẬT TOÁN,DYNAMIC PROGRAMMING,2
231,DSA05031,TỔNG BÌNH PHƯƠNG,CÁC MÔ HÌNH THUẬT TOÁN,DYNAMIC PROGRAMMING,2
232,DSA05035,CHỮ SỐ SẮP XẾP TĂNG DẦN,CÁC MÔ HÌNH THUẬT TOÁN,DYNAMIC PROGRAMMING,2
233,DSA05036,TĂNG - GIẢM,CÁC MÔ HÌNH THUẬT TOÁN,DYNAMIC PROGRAMMING,2
234,DSA05037,CHỮ SỐ SẮP XẾP TĂNG DẦN,CÁC MÔ HÌNH THUẬT TOÁN,DYNAMIC PROGRAMMING,2
235,DSA05038,DÃY CON TĂNG DÀI NHẤT 2 CHIỀU,CÁC MÔ HÌNH THUẬT TOÁN,DYNAMIC PROGRAMMING,2
236,DSA05040,DÃY TAM GIÁC DÀI NHẤT,CÁC MÔ HÌNH THUẬT TOÁN,DYNAMIC PROGRAMMING,2
237,DSA05041,BIẾN ĐỔI VỀ XÂU ĐỐI XỨNG,CÁC MÔ HÌNH THUẬT TOÁN,DYNAMIC PROGRAMMING,2
238,DSA05042,DÃY CON LIÊN TIẾP TỔNG BẰNG K,CÁC MÔ HÌNH THUẬT TOÁN,DYNAMIC PROGRAMMING,2
239,DSA05043,SỐ THUẬN NGHỊCH,CÁC MÔ HÌNH THUẬT TOÁN,DYNAMIC PROGRAMMING,2
240,DSA05047,CHỌN Ô,CÁC MÔ HÌNH THUẬT TOÁN,DYNAMIC PROGRAMMING,2
241,DSA06037,SẮP XẾP ĐOẠN CON,CÁC MÔ HÌNH THUẬT TOÁN,SORTING AND SEARCHING,2
242,DSA06038,CẶP SỐ,CÁC MÔ HÌNH THUẬT TOÁN,SORTING AND SEARCHING,2
243,DSA07008,BIẾN ĐỔI TRUNG TỐ - HẬU TỐ,CÁC MÔ HÌNH THUẬT TOÁN,STACK,2
244,DSA07011,BIẾN ĐỔI HẬU TỐ - TIỀN TỐ,CÁC MÔ HÌNH THUẬT TOÁN,STACK,2
245,DSA07012,BIẾN ĐỔI HẬU TỐ - TRUNG TỐ,CÁC MÔ HÌNH THUẬT TOÁN,STACK,2
246,DSA07016,BIỂU THỨC TĂNG GIẢM,CÁC MÔ HÌNH THUẬT TOÁN,STACK,2
247,DSA07017,PHẦN TỬ BÊN PHẢI NHỎ HƠN,CÁC MÔ HÌNH THUẬT TOÁN,STACK,2
248,DSA07019,HÌNH CHỮ NHẬT LỚN NHẤT,CÁC MÔ HÌNH THUẬT TOÁN,STACK,2
249,DSA07028,NHỊP CHỨNG KHOÁN,CÁC CẤU TRÚC DỮ LIỆU CƠ BẢN,STACK,2
250,DSA07029,GIẢI MÃ XÂU KÝ TỰ,CÁC MÔ HÌNH THUẬT TOÁN,STACK,2
251,DSA07041,BIỂU THỨC ĐÚNG DÀI NHẤT,CÁC CẤU TRÚC DỮ LIỆU CƠ BẢN,STACK,2
252,DSA08004,GIÁ TRỊ NHỎ NHẤT CỦA XÂU,CÁC MÔ HÌNH THUẬT TOÁN,QUEUE,2
253,DSA08009,BIẾN ĐỔI S – T,CÁC MÔ HÌNH THUẬT TOÁN,QUEUE,2
254,DSA08025,QUÂN MÃ,CÁC CẤU TRÚC DỮ LIỆU CƠ BẢN,QUEUE,2
255,DSA09006,ĐƯỜNG ĐI THEO DFS VỚI ĐỒ THỊ VÔ HƯỚNG,CÁC MÔ HÌNH THUẬT TOÁN,GRAPH,2
256,DSA09007,ĐƯỜNG ĐI THEO BFS TRÊN ĐỒ THỊ VÔ HƯỚNG,CÁC MÔ HÌNH THUẬT TOÁN,GRAPH,2
257,DSA09008,ĐẾM SỐ THÀNH PHẦN LIÊN THÔNG,CÁC MÔ HÌNH THUẬT TOÁN,GRAPH,2
258,DSA09009,TÌM SỐ THÀNH PHẦN LIÊN THÔNG VỚI BFS,CÁC MÔ HÌNH THUẬT TOÁN,GRAPH,2
259,DSA09010,KIỂM TRA TÍNH LIÊN THÔNG MẠNH,CÁC MÔ HÌNH THUẬT TOÁN,GRAPH,2
260,DSA09011,SỐ LƯỢNG HÒN ĐẢO,CÁC MÔ HÌNH THUẬT TOÁN,GRAPH,2
261,DSA09012,LIỆT KÊ ĐỈNH TRỤ,CÁC MÔ HÌNH THUẬT TOÁN,GRAPH,2
262,DSA09014,KIỂM TRA CHU TRÌNH TRÊN ĐỒ THỊ VÔ HƯỚNG,CÁC MÔ HÌNH THUẬT TOÁN,GRAPH,2
263,DSA09015,KIỂM TRA CHU TRÌNH TRÊN ĐỒ THỊ CÓ HƯỚNG,CÁC MÔ HÌNH THUẬT TOÁN,GRAPH,2
264,DSA09016,KIỂM TRA CHU TRÌNH TRÊN ĐỒ THỊ CÓ HƯỚNG VỚI DFS,CÁC MÔ HÌNH THUẬT TOÁN,GRAPH,2
265,DSA09017,KIỂM TRA ĐỒ THỊ CÓ PHẢI LÀ CÂY HAY KHÔNG,CÁC MÔ HÌNH THUẬT TOÁN,GRAPH,2
266,DSA09018,LIỆT KÊ ĐỈNH TRỤ,CÁC MÔ HÌNH THUẬT TOÁN,GRAPH,2
267,DSA09019,KIỂM TRA CHU TRÌNH,CÁC MÔ HÌNH THUẬT TOÁN,GRAPH,2
268,DSA09028,TÔ MÀU ĐỒ THỊ,CÁC CẤU TRÚC DỮ LIỆU CƠ BẢN,GRAPH,2
269,DSA09029,ĐƯỜNG ĐI HAMILTON,CÁC CẤU TRÚC DỮ LIỆU CƠ BẢN,GRAPH,2
270,DSA09030,ĐỒ THỊ HAI PHÍA,CÁC CẤU TRÚC DỮ LIỆU CƠ BẢN,GRAPH,2
271,DSA09032,KẾT BẠN,CÁC MÔ HÌNH THUẬT TOÁN,GRAPH,2
272,DSA09033,MẠNG XÃ HỘI,CÁC CẤU TRÚC DỮ LIỆU CƠ BẢN,GRAPH,2
273,DSA10001,TÌM ĐƯỜNG,CÁC MÔ HÌNH THUẬT TOÁN,GRAPH,2
274,DSA10003,KIỂM TRA CHU TRÌNH SỬ DỤNG DISJOIN SET,CÁC MÔ HÌNH THUẬT TOÁN,GRAPH,2
275,DSA10006,CÂY KHUNG CỦA ĐỒ THỊ THEO THUẬT TOÁN DFS,CÁC MÔ HÌNH THUẬT TOÁN,GRAPH,2
276,DSA10007,CÂY KHUNG CỦA ĐỒ THỊ THEO THUẬT TOÁN BFS,CÁC MÔ HÌNH THUẬT TOÁN,GRAPH,2
277,DSA11001,CÂY BIỂU THỨC 1,CÁC MÔ HÌNH THUẬT TOÁN,BINARY TREE,2
278,DSA11002,CÂY BIỂU THỨC 2,CÁC MÔ HÌNH THUẬT TOÁN,BINARY TREE,2
279,DSA11003,DUYỆT CÂY 1,CÁC MÔ HÌNH THUẬT TOÁN,BINARY TREE,2
280,DSA11004,DUYỆT CÂY THEO MỨC,CÁC MÔ HÌNH THUẬT TOÁN,BINARY TREE,2
281,DSA11005,DUYỆT CÂY 2,CÁC MÔ HÌNH THUẬT TOÁN,BINARY TREE,2
282,DSA11008,KIỂM TRA NODE LÁ,CÁC MÔ HÌNH THUẬT TOÁN,BINARY TREE,2
283,DSAKT012,ĐỔI TIỀN,CÁC MÔ HÌNH THUẬT TOÁN,RECURSION AND BACKTRACKING,2
284,TN05009,CHU TRÌNH THEO DFS,CÁC CẤU TRÚC DỮ LIỆU CƠ BẢN,GRAPH,2
285,DSA01018,TẬP CON LIỀN KỀ PHÍA TRƯỚC,CÁC MÔ HÌNH THUẬT TOÁN,NEXT GENERATION ALGORITHM,3
286,DSA02009,CHIA MẢNG,CÁC MÔ HÌNH THUẬT TOÁN,RECURSION AND BACKTRACKING,3
287,DSA02011,MÁY ATM,CÁC MÔ HÌNH THUẬT TOÁN,RECURSION AND BACKTRACKING,3
288,DSA02015,LOẠI BỎ DẤU NGOẶC,CÁC MÔ HÌNH THUẬT TOÁN,RECURSION AND BACKTRACKING,3
289,DSA02027,NGƯỜI DU LỊCH,CÁC MÔ HÌNH THUẬT TOÁN,RECURSION AND BACKTRACKING,3
290,DSA02028,CHIA ĐỀU,CÁC MÔ HÌNH THUẬT TOÁN,RECURSION AND BACKTRACKING,3
291,DSA03014,SỐ KHỐI LẬP PHƯƠNG,CÁC MÔ HÌNH THUẬT TOÁN,GREEDY ALGORITHM,3
292,DSA03027,GIÁ TRỊ LỚN NHẤT,CÁC MÔ HÌNH THUẬT TOÁN,GREEDY ALGORITHM,3
293,DSA04006,ĐẾM SỐ BÍT 1,CÁC MÔ HÌNH THUẬT TOÁN,DEVIDE AND CONQUER ALGORITHM,3
294,DSA05010,DÃY CON DÀI NHẤT CÓ TỔNG CHIA HẾT CHO K,CÁC MÔ HÌNH THUẬT TOÁN,DYNAMIC PROGRAMMING,3
295,DSA05011,SỐ CÓ TỔNG CHỮ SỐ BẰNG K,CÁC MÔ HÌNH THUẬT TOÁN,DYNAMIC PROGRAMMING,3
296,DSA05021,CẶP SỐ,CÁC MÔ HÌNH THUẬT TOÁN,DYNAMIC PROGRAMMING,3
297,DSA05030,DI CHUYỂN VỀ GỐC TỌA ĐỘ,CÁC MÔ HÌNH THUẬT TOÁN,DYNAMIC PROGRAMMING,3
298,DSA05032,XÂU ĐỐI XỨNG 1,CÁC MÔ HÌNH THUẬT TOÁN,DYNAMIC PROGRAMMING,3
299,DSA05033,XÂU ĐỐI XỨNG 2,CÁC MÔ HÌNH THUẬT TOÁN,DYNAMIC PROGRAMMING,3
300,DSA05039,TỔNG CHỮ SỐ,CÁC MÔ HÌNH THUẬT TOÁN,DYNAMIC PROGRAMMING,3
301,DSA05046,LŨY THỪA BẬC K,CÁC MÔ HÌNH THUẬT TOÁN,DYNAMIC PROGRAMMING,3
302,DSA06045,XÂU TỐT,CÁC MÔ HÌNH THUẬT TOÁN,SORTING AND SEARCHING,3
303,DSA07005,BIỂU THỨC TƯƠNG ĐƯƠNG,CÁC MÔ HÌNH THUẬT TOÁN,STACK,3
304,DSA07006,XÓA DẤU NGOẶC,CÁC MÔ HÌNH THUẬT TOÁN,STACK,3
305,DSA07007,SO SÁNH BIỂU THỨC,CÁC MÔ HÌNH THUẬT TOÁN,STACK,3
306,DSA07018,TỔNG ĐA THỨC,CÁC MÔ HÌNH THUẬT TOÁN,STACK,3
307,DSA07024,GHÉP VÁN GỖ,CÁC CẤU TRÚC DỮ LIỆU CƠ BẢN,STACK,3
308,DSA07030,HÌNH CHỮ NHẬT 0-1,CÁC CẤU TRÚC DỮ LIỆU CƠ BẢN,STACK,3
309,DSA08010,BIẾN ĐỔI SỐ TỰ NHIÊN,CÁC MÔ HÌNH THUẬT TOÁN,QUEUE,3
310,DSA08012,TÌM SỐ K THỎA MÃN ĐIỀU KIỆN,CÁC MÔ HÌNH THUẬT TOÁN,QUEUE,3
311,DSA08020,BIẾN ĐỔI SỐ NGUYÊN TỐ,CÁC MÔ HÌNH THUẬT TOÁN,QUEUE,3
312,DSA08022,BỘI SỐ LỚN NHẤT CỦA 3,CÁC CẤU TRÚC DỮ LIỆU CƠ BẢN,QUEUE,3
313,DSA08029,QUAY HÌNH VUÔNG,CÁC MÔ HÌNH THUẬT TOÁN,QUEUE,3
314,DSA09031,CHÚ CỪU XA CÁCH,CÁC CẤU TRÚC DỮ LIỆU CƠ BẢN,GRAPH,3
315,DSA09034,ĐẾM SỐ AO,CÁC CẤU TRÚC DỮ LIỆU CƠ BẢN,GRAPH,3
316,DSA09037,HỌP MẶT,CÁC CẤU TRÚC DỮ LIỆU CƠ BẢN,GRAPH,3
317,DSA09049,LAN TRUYỀN DINH DƯỠNG,CÁC CẤU TRÚC DỮ LIỆU CƠ BẢN,GRAPH,3
318,DSA10008,DIJKSTRA,CÁC MÔ HÌNH THUẬT TOÁN,GRAPH,3
319,DSA10009,FLOYD,CÁC MÔ HÌNH THUẬT TOÁN,GRAPH,3
320,DSA10011,DI CHUYỂN TRÊN BẢNG SỐ,CÁC MÔ HÌNH THUẬT TOÁN,GRAPH,3
321,DSA10012,ĐƯỜNG ĐI TRUNG BÌNH,CÁC MÔ HÌNH THUẬT TOÁN,GRAPH,3
322,DSA10015,KRUSKAL,CÁC CẤU TRÚC DỮ LIỆU CƠ BẢN,GRAPH,3
323,DSA10017,CHU TRÌNH ÂM,CÁC CẤU TRÚC DỮ LIỆU CƠ BẢN,GRAPH,3
324,DSA11006,DUYỆT CÂY KIỂU XOẮN ỐC,CÁC MÔ HÌNH THUẬT TOÁN,BINARY TREE,3
325,DSA11010,CÂY NHỊ PHÂN HOÀN HẢO,CÁC MÔ HÌNH THUẬT TOÁN,BINARY TREE,3
326,DSA11011,CÂY NHỊ PHÂN ĐỦ,CÁC MÔ HÌNH THUẬT TOÁN,BINARY TREE,3
327,DSA11012,CÂY NHỊ PHÂN BẰNG NHAU,CÁC MÔ HÌNH THUẬT TOÁN,BINARY TREE,3
328,DSA11014,TỔNG NODE LÁ BÊN PHẢI,CÁC MÔ HÌNH THUẬT TOÁN,BINARY TREE,3
329,DSA11015,TỔNG LỚN NHẤT,CÁC MÔ HÌNH THUẬT TOÁN,BINARY TREE,3
330,DSA11016,BIẾN ĐỔI SANG CÂY NHỊ PHÂN TÌM KIẾM,CÁC MÔ HÌNH THUẬT TOÁN,BINARY TREE,3
331,DSA11017,DUYỆT CÂY NHỊ PHÂN TÌM KIẾM 1,CÁC MÔ HÌNH THUẬT TOÁN,BINARY TREE,3
332,DSA11018,XÂY DỰNG LẠI CÂY NHỊ PHÂN TÌM KIẾM,CÁC MÔ HÌNH THUẬT TOÁN,BINARY TREE,3
333,DSA11019,DUYỆT CÂY NHỊ PHÂN TÌM KIẾM 2,CÁC MÔ HÌNH THUẬT TOÁN,BINARY TREE,3
334,DSA11020,KIỂM TRA CÂY NHỊ PHÂN TÌM KIẾM,CÁC MÔ HÌNH THUẬT TOÁN,BINARY TREE,3
335,DSA11021,NODE LÁ CỦA CÂY NHỊ PHÂN TÌM KIẾM,CÁC MÔ HÌNH THUẬT TOÁN,BINARY TREE,3
336,DSA11022,NODE TRUNG GIAN CỦA CÂY NHỊ PHÂN TÌM KIẾM,CÁC MÔ HÌNH THUẬT TOÁN,BINARY TREE,3
337,DSA11023,ĐỘ SÂU CÂY NHỊ PHÂN TÌM KIẾM,CÁC MÔ HÌNH THUẬT TOÁN,BINARY TREE,3
338,DSA11024,CÂY NHỊ PHÂN TÌM KIẾM CÂN BẰNG 1,CÁC MÔ HÌNH THUẬT TOÁN,BINARY TREE,3
339,DSA11025,CÂY NHỊ PHÂN TÌM KIẾM CÂN BẰNG 2,CÁC MÔ HÌNH THUẬT TOÁN,BINARY TREE,3
340,DSA11026,DUYỆT SAU CÂY TÌM KIẾM CÂN BẰNG,CÁC CẤU TRÚC DỮ LIỆU CƠ BẢN,BINARY TREE,3
341,DSA11027,ĐẾM SỐ NODE LÁ CÂY NHỊ PHÂN TÌM KIẾM CÂN BẰNG,CÁC CẤU TRÚC DỮ LIỆU CƠ BẢN,BINARY TREE,3
342,DSA11028,ĐỘ CAO CỦA CÂY,CÁC CẤU TRÚC DỮ LIỆU CƠ BẢN,BINARY TREE,3
343,DSA11029,ĐƯỜNG ĐI TỚI NODE LÁ,CÁC CẤU TRÚC DỮ LIỆU CƠ BẢN,BINARY TREE,3
344,DSAKT060,TRUY VẤN ĐỐI XỨNG,CÁC CẤU TRÚC DỮ LIỆU NÂNG CAO,BINARY TREE,3
345,DSA_P035,HÀNH TRÌNH DU LỊCH - 2,CÁC MÔ HÌNH THUẬT TOÁN,DYNAMIC PROGRAMMING,4
346,DSA02014,TỪ ĐIỂN,CÁC MÔ HÌNH THUẬT TOÁN,RECURSION AND BACKTRACKING,4
347,DSA02018,BIỂU THỨC TOÁN HỌC,CÁC MÔ HÌNH THUẬT TOÁN,RECURSION AND BACKTRACKING,4
348,DSA02019,ĐƯỜNG ĐI DÀI NHẤT,CÁC MÔ HÌNH THUẬT TOÁN,RECURSION AND BACKTRACKING,4
349,DSA02020,SỐ NHỎ NHẤT CÓ N ƯỚC SỐ,CÁC MÔ HÌNH THUẬT TOÁN,RECURSION AND BACKTRACKING,4
350,DSA02021,KÝ TỰ ĐẶC BIỆT,CÁC MÔ HÌNH THUẬT TOÁN,RECURSION AND BACKTRACKING,4
351,DSA05045,BÀI TOÁN CÁI TÚI KHÔNG NGUYÊN,CÁC MÔ HÌNH THUẬT TOÁN,DYNAMIC PROGRAMMING,4
352,DSA07015,TÍNH TOÁN GIÁ TRỊ BIỂU THỨC TRUNG TỐ,CÁC MÔ HÌNH THUẬT TOÁN,STACK,4
353,DSA07022,PHẦN TỬ CÓ SỐ LẦN XUẤT HIỆN NHIỀU HƠN BÊN PHẢI,CÁC MÔ HÌNH THUẬT TOÁN,STACK,4
354,DSA07045,GÕ BÀN PHÍM,CÁC CẤU TRÚC DỮ LIỆU CƠ BẢN,STACK,4
355,DSA08011,KHOẢNG CÁCH XÂU KÝ TỰ,CÁC MÔ HÌNH THUẬT TOÁN,QUEUE,4
356,DSA08013,DI CHUYỂN TRÁNH VẬT CẢN,CÁC MÔ HÌNH THUẬT TOÁN,QUEUE,4
357,DSA08014,GIEO MẦM,CÁC MÔ HÌNH THUẬT TOÁN,QUEUE,4
358,DSA08015,DI CHUYỂN TRONG KHÔNG GIAN,CÁC MÔ HÌNH THUẬT TOÁN,QUEUE,4
359,DSA08045,HÀNG RÀO,CÁC MÔ HÌNH THUẬT TOÁN,QUEUE,4
360,DSA10016,NỐI ĐIỂM,CÁC CẤU TRÚC DỮ LIỆU CƠ BẢN,GRAPH,4
361,DSA11030,KHOẢNG CÁCH GIỮA HAI NODE,CÁC CẤU TRÚC DỮ LIỆU CƠ BẢN,BINARY TREE,4
362,DSA03033,ATM THẾ HỆ MỚI,CÁC MÔ HÌNH THUẬT TOÁN,GREEDY ALGORITHM,5
363,DSA04019,CẶP ĐIỂM GẦN NHẤT,CÁC MÔ HÌNH THUẬT TOÁN,DEVIDE AND CONQUER ALGORITHM,5
364,DSA04030,SỐ TRIBONACCI,CÁC MÔ HÌNH THUẬT TOÁN,DEVIDE AND CONQUER ALGORITHM,5
365,DSA08016,HEXGAME,CÁC MÔ HÌNH THUẬT TOÁN,QUEUE,5
